{"period_covered":[2006,2007,2008,2009,2010,2011,2012,2013,2014,2015,2016],"medicaid_share":[20.0714285714286,19.5659183673469,19.4981632653061,20.5016326530612,20.94,21.9336,22.2004,22.743,24.0544,25.3042,26.0326],"drug_share":[0.0442857142857143,2.55040816326531,4.85959183673469,4.31836734693878,5.2762,5.2464,4.4108,3.8786,5.1974,5.4614,4.7904]}
