{
	"columns": [
		2006.0,
		2007.0,
		2008.0,
		2009.0,
		2010.0,
		2011.0,
		2012.0,
		2013.0,
		2014.0,
		2015.0,
		2016.0
	],
	"index": ["medicaid_percent", "drug_percent", "drug_avg"],

	"data": [
			[
			20.0714285714286,
			19.5659183673469,
			19.4981632653061,
			20.5016326530612,
			20.94,
			21.9336,
			22.2004,
			22.743,
			24.0544,
			25.3042,
			26.0326
		],
		[
			0.0442857142857143,
			2.55040816326531,
			4.85959183673469,
			4.31836734693878,
			5.2762,
			5.2464,
			4.4108,
			3.8786,
			5.1974,
			5.4614,
			4.7904
		],
		[
			32.6601944332653,
			190.041932956735,
			309.827210028367,
			309.586780889184,
			399.9200760412,
			395.1247082612,
			362.5659247974,
			341.3224805292,
			483.915673806,
			556.5276653878,
			527.7475365382
		]
	]
}
