{
	"columns": [
		2006.0,
		2007.0,
		2008.0,
		2009.0,
		2010.0,
		2011.0,
		2012.0,
		2013.0,
		2014.0,
		2015.0,
		2016.0
	],
	"index": ["medicaid_percent", "drug_sum"],

	"data": [
			[
			21.3656046268795,
			20.87259193536,
			20.4908256043889,
			21.8120288032485,
			22.2247089433275,
			23.802270895575,
			23.9051055342749,
			24.3223411090619,
			26.5210641509469,
			27.9348080983105,
			28.7097686626795
		],
		[
			1.60034952723,
			9.31205471488,
			15.18153329139,
			15.16975226357,
			19.99600380206,
			19.75623541306,
			18.12829623987,
			17.06612402646,
			24.1957836903,
			27.82638326939,
			26.38737682691
		]
	]
}
