{
	"states": [
		2008.0,
		2009.0,
		2010.0,
		2011.0,
		2012.0,
		2013.0,
		2014.0,
		2015.0,
		2016.0
	],
	"index": ["medicaid_percent", "drug_sum"],

	"data": [
			[
			20.5227898783695,
			21.9426586527299,
			22.2247089433275,
			23.802270895575,
			23.9051055342749,
			24.3223411090619,
			26.5210641509469,
			27.9348080983105,
			28.7097686626795,
			28.9651196220617
		],
		[
			16.24908419176,
			16.29334394022,
			21.48478443656,
			21.66594094978,
			20.42738239061,
			19.66609261963,
			27.19969485053,
			31.58981989909,
			30.82381491654
		]
	]
}
